{
	"info": {
		"_postman_id": "09d4f204-568d-4761-8f89-e6efc595af6c",
		"name": "E-commerce",
		"schema": "https://schema.getpostman.com/json/collection/v2.1.0/collection.json",
		"_exporter_id": "9297901",
		"_collection_link": "https://www.postman.com/moralbusiness/workspace/futurodev/collection/9297901-09d4f204-568d-4761-8f89-e6efc595af6c?action=share&creator=9297901&source=collection_link"
	},
	"item": [
		{
			"name": "categoria",
			"request": {
				"method": "GET",
				"header": [],
				"url": {
					"raw": "http://localhost:8080/categoria",
					"protocol": "http",
					"host": [
						"localhost"
					],
					"port": "8080",
					"path": [
						"categoria"
					]
				}
			},
			"response": []
		},
		{
			"name": "categoria/:id",
			"request": {
				"method": "GET",
				"header": [],
				"url": {
					"raw": "http://localhost:8080/categoria/:id",
					"protocol": "http",
					"host": [
						"localhost"
					],
					"port": "8080",
					"path": [
						"categoria",
						":id"
					],
					"variable": [
						{
							"key": "id",
							"value": "2"
						}
					]
				}
			},
			"response": []
		},
		{
			"name": "categoria",
			"request": {
				"method": "POST",
				"header": [],
				"body": {
					"mode": "raw",
					"raw": "{\n    \"nome\": \"categroaia\",\n    \"descricao\": \"Mouses, teclados e outras coisas mais\"\n}",
					"options": {
						"raw": {
							"language": "json"
						}
					}
				},
				"url": {
					"raw": "http://localhost:8080/categoria",
					"protocol": "http",
					"host": [
						"localhost"
					],
					"port": "8080",
					"path": [
						"categoria"
					]
				}
			},
			"response": []
		},
		{
			"name": "categoria",
			"request": {
				"method": "PUT",
				"header": [],
				"body": {
					"mode": "raw",
					"raw": "{\n    \"nome\": \"Periféricos\",\n    \"descricao\": \"Mouses, teclados, fones e outras coisas mais\"\n}",
					"options": {
						"raw": {
							"language": "json"
						}
					}
				},
				"url": {
					"raw": "http://localhost:8080/categoria/2",
					"protocol": "http",
					"host": [
						"localhost"
					],
					"port": "8080",
					"path": [
						"categoria",
						"2"
					]
				}
			},
			"response": []
		},
		{
			"name": "categoria/:id",
			"request": {
				"method": "DELETE",
				"header": [],
				"url": {
					"raw": "http://localhost:8080/categoria/:id",
					"protocol": "http",
					"host": [
						"localhost"
					],
					"port": "8080",
					"path": [
						"categoria",
						":id"
					],
					"variable": [
						{
							"key": "id",
							"value": "3"
						}
					]
				}
			},
			"response": []
		},
		{
			"name": "produto",
			"request": {
				"method": "POST",
				"header": [],
				"body": {
					"mode": "raw",
					"raw": "{\n    \"nome\": \"Notebook Dell i7\",\n    \"categoria\": {\"id\": 1},\n    \"preco\": 7025.90,\n    \"lote\": 21\n}",
					"options": {
						"raw": {
							"language": "json"
						}
					}
				},
				"url": {
					"raw": "http://localhost:8080/produto",
					"protocol": "http",
					"host": [
						"localhost"
					],
					"port": "8080",
					"path": [
						"produto"
					]
				}
			},
			"response": []
		},
		{
			"name": "pedido",
			"request": {
				"method": "POST",
				"header": [],
				"body": {
					"mode": "raw",
					"raw": "{\n    \"cliente\": {\"id\": 1},\n    \"itens\": [\n        {\n            \"produto\": {\"id\": 1},\n            \"quantidade\": 2\n        },\n        {\n            \"produto\": {\"id\": 2},\n            \"quantidade\": 1\n        }\n    ]\n}",
					"options": {
						"raw": {
							"language": "json"
						}
					}
				},
				"url": {
					"raw": "http://localhost:8080/pedido",
					"protocol": "http",
					"host": [
						"localhost"
					],
					"port": "8080",
					"path": [
						"pedido"
					]
				}
			},
			"response": []
		}
	]
}